CREATE USER IF NOT EXISTS SA SALT '6d8a71104ae6fbf1' HASH '8bcb534aa508b6f3bf66153f5ce8bdf29195775aa98d1c7905de7d380c71870f' ADMIN;
CREATE CACHED TABLE PUBLIC.SS_ROLE( 
    ROLE_CODE VARCHAR(32) NOT NULL, 
    ROLE_NAME VARCHAR(50), 
    DESCRIPTION VARCHAR(100), 
    STATUS INTEGER, 
    SUBSYS CHAR(1), 
    ST TIMESTAMP(6) 
);
ALTER TABLE PUBLIC.SS_ROLE ADD CONSTRAINT PUBLIC.CONSTRAINT_B PRIMARY KEY(ROLE_CODE);
-- 2 +/- SELECT COUNT(*) FROM PUBLIC.SS_ROLE;
INSERT INTO PUBLIC.SS_ROLE(ROLE_CODE, ROLE_NAME, DESCRIPTION, STATUS, SUBSYS, ST) VALUES 
('1', STRINGDECODE('\u7ba1\u7406\u54581'), STRINGDECODE('\u7ba1\u7406\u54581'), 1, '1', TIMESTAMP '2015-02-28 13:39:12.0'), 
('2', STRINGDECODE('\u7ba1\u7406\u545822'), '1212', 1, '1', TIMESTAMP '2015-02-28 21:29:04.0');
CREATE CACHED TABLE PUBLIC.SS_USER( 
    USER_ID INTEGER NOT NULL, 
    LOGIN_NAME VARCHAR(180) NOT NULL, 
    USER_NAME VARCHAR(255), 
    PASSWORD VARCHAR(32) NOT NULL, 
    OLDPASSWORD VARCHAR(512), 
    ENABLE VARCHAR(1) NOT NULL, 
    ENABLEDATE VARCHAR(8), 
    INVALIDDATE VARCHAR(8), 
    ORGNO VARCHAR(15) NOT NULL, 
    ORGNAME VARCHAR(50), 
    CERT VARCHAR(255), 
    PHONE VARCHAR(25), 
    EMAIL VARCHAR(255), 
    ADDOPER VARCHAR(20), 
    AUTHOR VARCHAR(20), 
    ADDDATE VARCHAR(8), 
    INVALIDOPER VARCHAR(20), 
    CHGPWDDATE VARCHAR(8), 
    REMARK1 VARCHAR(60), 
    REMARK2 VARCHAR(60) 
);
ALTER TABLE PUBLIC.SS_USER ADD CONSTRAINT PUBLIC.CONSTRAINT_B9 PRIMARY KEY(USER_ID);
-- 2 +/- SELECT COUNT(*) FROM PUBLIC.SS_USER;
INSERT INTO PUBLIC.SS_USER(USER_ID, LOGIN_NAME, USER_NAME, PASSWORD, OLDPASSWORD, ENABLE, ENABLEDATE, INVALIDDATE, ORGNO, ORGNAME, CERT, PHONE, EMAIL, ADDOPER, AUTHOR, ADDDATE, INVALIDOPER, CHGPWDDATE, REMARK1, REMARK2) VALUES 
(1, 'djq1', STRINGDECODE('\u6d4b\u8bd5\u7528\u62371'), 'EE9EB54AC6C72DE74F5B7A64A0ED4873', NULL, '1', '20150202', '20160301', '2', STRINGDECODE('\u6d4b\u8bd52'), NULL, '11111111111', 'djq1121@qq.com', NULL, NULL, '20150301', NULL, NULL, NULL, NULL), 
(2, 'djq2', STRINGDECODE('\u6d4b\u8bd5\u7528\u62372'), 'EE9EB54AC6C72DE74F5B7A64A0ED4873', NULL, '1', '20150203', '20160228', '123456', STRINGDECODE('\u6d4b\u8bd51'), NULL, '11111111111', 'djq1121@qq.com', NULL, NULL, '20150301', NULL, NULL, NULL, NULL);
CREATE CACHED TABLE PUBLIC.TAB_PARAMETER( 
    ID VARCHAR(36) NOT NULL, 
    CODE VARCHAR(32) NOT NULL, 
    NAME VARCHAR(255) NOT NULL, 
    VALUE VARCHAR(1024) NOT NULL, 
    READONLY INTEGER DEFAULT 0, 
    REMARK VARCHAR(255), 
    ST TIMESTAMP NOT NULL 
);
ALTER TABLE PUBLIC.TAB_PARAMETER ADD CONSTRAINT PUBLIC.CONSTRAINT_5 PRIMARY KEY(ID);
-- 0 +/- SELECT COUNT(*) FROM PUBLIC.TAB_PARAMETER;
CREATE UNIQUE INDEX PUBLIC.IDX_ST ON PUBLIC.TAB_PARAMETER(CODE, ST);
CREATE CACHED TABLE PUBLIC.PAGE_RESOURCE( 
    ID VARCHAR(32) NOT NULL, 
    SUPERIOR_ID VARCHAR(32), 
    RESOURCE_CODE VARCHAR(20), 
    RESOURCE_NAME VARCHAR(50), 
    RESOURCE_LEVEL CHAR(1), 
    DISPLAY_NAME VARCHAR(50), 
    FUNCTION_URL VARCHAR(100), 
    STATUS VARCHAR(20), 
    MODULE VARCHAR(10), 
    DESCRIPTION VARCHAR(100), 
    RESOURCE_TYPE CHAR(1) 
);
ALTER TABLE PUBLIC.PAGE_RESOURCE ADD CONSTRAINT PUBLIC.CONSTRAINT_BF PRIMARY KEY(ID);
-- 9 +/- SELECT COUNT(*) FROM PUBLIC.PAGE_RESOURCE;
INSERT INTO PUBLIC.PAGE_RESOURCE(ID, SUPERIOR_ID, RESOURCE_CODE, RESOURCE_NAME, RESOURCE_LEVEL, DISPLAY_NAME, FUNCTION_URL, STATUS, MODULE, DESCRIPTION, RESOURCE_TYPE) VALUES 
('111', '', ' ', 'icon-user', '0', '111', '11111', '1', NULL, NULL, '2'), 
('yhgl', '', '', 'icon-user-gear', '0', STRINGDECODE('\u7528\u6237\u7ba1\u7406'), 'pages/admin/user/userInfoManage.html', '1', NULL, NULL, '1'), 
('jggl', '', '', 'icon-org-gear', '0', STRINGDECODE('\u673a\u6784\u7ba1\u7406'), 'pages/admin/org/orgInfoManage.html', '1', NULL, NULL, '1'), 
('jsgl', '', ' ', 'icon-role-gear', '0', STRINGDECODE('\u89d2\u8272\u7ba1\u7406'), 'pages/admin/role/roleManage.html', '1', NULL, NULL, '1'), 
('fileUpload', 'test', '', 'icon-user', '0', STRINGDECODE('\u6587\u4ef6\u4e0a\u4f20'), 'test/file/upload/frameworktest-file-upload.html', '1', NULL, NULL, '1'), 
('tcommclient', 'test', '', 'icon-user', '0', STRINGDECODE('TCOMM\u5ba2\u6237\u7aef\u6f14\u793a'), 'test/tcomm/frameworktest-tcomm-outbound.html', '1', NULL, NULL, '1'), 
('href', '', '', 'icon-user', '1', STRINGDECODE('\u6d4b\u8bd5\u68112(href)'), 'pages/demo/user/userManage.html', '1', NULL, NULL, '1'), 
('test', '', '', 'icon-user', '0', STRINGDECODE('\u529f\u80fd\u6d4b\u8bd5\u76ee\u5f55'), NULL, '1', NULL, NULL, '1'), 
('22', NULL, NULL, NULL, NULL, NULL, 's8\.qhimg\.com/static/.*\.js', NULL, NULL, NULL, NULL);
CREATE CACHED TABLE PUBLIC.SERVICE_RESOURCE( 
    ID VARCHAR(32) NOT NULL, 
    ACTION_ID VARCHAR(200), 
    SERVICE_IDS VARCHAR(500), 
    DESCRIPTION VARCHAR(100), 
    DISPLAY_NAME VARCHAR(50) 
);
ALTER TABLE PUBLIC.SERVICE_RESOURCE ADD CONSTRAINT PUBLIC.CONSTRAINT_F PRIMARY KEY(ID);
-- 2 +/- SELECT COUNT(*) FROM PUBLIC.SERVICE_RESOURCE;
INSERT INTO PUBLIC.SERVICE_RESOURCE(ID, ACTION_ID, SERVICE_IDS, DESCRIPTION, DISPLAY_NAME) VALUES 
('2182182812', 'action1', 'updataUser', STRINGDECODE('\u66f4\u65b0\u7528\u6237\u4fe1\u606f'), STRINGDECODE('\u66f4\u65b0\u7528\u6237\u4fe1\u606f')), 
('218218281000223344', 'action2', 'updataUser,inserUser', STRINGDECODE('\u66f4\u65b0\u3001\u65b0\u589e\u7528\u6237\u4fe1\u606f'), STRINGDECODE('\u66f4\u65b0\u3001\u65b0\u589e\u7528\u6237\u4fe1\u606f'));
CREATE CACHED TABLE PUBLIC.SS_USER_ROLE_BINDING( 
    USER_ROLE_ID VARCHAR(32) NOT NULL, 
    ROLE_CODE VARCHAR(32) NOT NULL, 
    USER_ID INTEGER 
);
ALTER TABLE PUBLIC.SS_USER_ROLE_BINDING ADD CONSTRAINT PUBLIC.CONSTRAINT_4 PRIMARY KEY(USER_ROLE_ID);
-- 2 +/- SELECT COUNT(*) FROM PUBLIC.SS_USER_ROLE_BINDING;
INSERT INTO PUBLIC.SS_USER_ROLE_BINDING(USER_ROLE_ID, ROLE_CODE, USER_ID) VALUES 
('9b27e9785abc4d9e8c0915f89887a2d5', '1', 1), 
('5ab552113287425482f11ae22e5bab5c', '2', 2);
CREATE CACHED TABLE PUBLIC.SS_ROLE_RESOURCE_BINDING( 
    RESOURCE_BINDING_ID VARCHAR(32) NOT NULL, 
    ROLE_CODE VARCHAR(32) NOT NULL, 
    RESOURCE_ID VARCHAR(32) NOT NULL, 
    BINDING_TYPE INTEGER NOT NULL 
);
ALTER TABLE PUBLIC.SS_ROLE_RESOURCE_BINDING ADD CONSTRAINT PUBLIC.CONSTRAINT_4F PRIMARY KEY(RESOURCE_BINDING_ID);
-- 9 +/- SELECT COUNT(*) FROM PUBLIC.SS_ROLE_RESOURCE_BINDING;
INSERT INTO PUBLIC.SS_ROLE_RESOURCE_BINDING(RESOURCE_BINDING_ID, ROLE_CODE, RESOURCE_ID, BINDING_TYPE) VALUES 
('713850123c0c4b43bca377b3fb603ed4', '1', 'yhgl', 0), 
('c5d341d9b909466da73ddffdcf995bfc', '1', 'jsgl', 0), 
('1dd77b05502c4e73be58a8516e753157', '1', 'jggl', 0), 
('26b5903cfcb341f28d3e45fc54c06531', '2', 'yhgl', 0), 
('fe0f55fed2de4418947b60cdaf201176', '1', '2182182812', 1), 
('fe0f55fed2de4418947b60cda11761', '1', '111', 0), 
('test-1', '1', 'test', 0), 
('test-fileUpload', '1', 'fileUpload', 0), 
('test-tcommclient', '1', 'tcommclient', 0);
CREATE CACHED TABLE PUBLIC.TINOSNOTICEPROMPT( 
    NPNO INTEGER NOT NULL, 
    NPDATE VARCHAR(8), 
    ENTERUSER VARCHAR(20), 
    NPCONTENT VARCHAR(1024), 
    NPFLAG VARCHAR(1), 
    OBJORG VARCHAR(1024), 
    OBJUSER VARCHAR(1024), 
    STATE VARCHAR(1) 
);
ALTER TABLE PUBLIC.TINOSNOTICEPROMPT ADD CONSTRAINT PUBLIC.CONSTRAINT_E PRIMARY KEY(NPNO);
-- 5 +/- SELECT COUNT(*) FROM PUBLIC.TINOSNOTICEPROMPT;
INSERT INTO PUBLIC.TINOSNOTICEPROMPT(NPNO, NPDATE, ENTERUSER, NPCONTENT, NPFLAG, OBJORG, OBJUSER, STATE) VALUES 
(1, '20150301', STRINGDECODE('\u6d4b\u8bd5\u7528\u6237'), STRINGDECODE('\u91d1\u5361\u5373\u4f7f\u53d1\u8fbe\u653e\u5047\u963f\u83b1\u514b25209384023842\u52a0\u901f\u808c\u80a4\u6c34\u5206\u4e09\u83f1\u7535\u673a\u53d1\u7262\u9a9a\u4f1a\u8ba1\u9a9a\u4f1a\u8ba1\u6cd5\u77ac\u95f4\u7ffb\u8138\u5c31\u7761\u89c9\u554a\u963f\u83b1\u514b\u51cf\u80a5\u7684\u7684\u8054\u53d1\u79d1\u6280\u963f\u65af\u5229\u5eb7\u7684\u51cf\u80a5 \u62c9\u514b\u4e1d\u51cf\u80a5\u554a\u4e86\u7684\u5ba1\u8ba1\u6cd5\u53d1\uff1b\u62c9\u8428\u6b3e\u5230\u5373\u53d1\u62c9\u8428\u5927\u5bb6\u7ffb\u8138\u5c31\u554a\u7684\u653e\u5047\u963f\u5373\u4f7f\u9762\u5bf9\u5b9e\u529b\u4e70\u623f\u7684\u4e8b\u4f46\u662f\u65b9\u7684\u8428\u82ac\u6cd5\u77ac\u95f4\u7ffb\u8138\u5c31\u7761\u89c9\u554a\u963f\u83b1\u514b\u51cf\u80a5\u7684\u7684\u8054\u53d1\u79d1\u6280\u963f\u65af\u5229\u5eb7\u7684\u51cf\u80a5 \u62c9\u514b\u4e1d\u51cf\u80a5\u554a\u4e86\u7684\u5ba1\u8ba1\u6cd5\u53d1\uff1b\u62c9\u8428\u6b3e\u5230\u5373\u53d1\u62c9\u8428\u5927\u5bb6\u7ffb\u8138\u5c31\u554a\u7684\u653e\u5047\u963f\u5373\u4f7f\u9762\u5bf9\u5b9e\u529b\u4e70\u623f\u7684\u4e8b\u4f46\u662f\u65b9\u7684\u8428\u82ac'), '0', '1', '1', '0'), 
(2, '20150301', STRINGDECODE('\u6d4b\u8bd5\u517b\u9e2d\u6237'), STRINGDECODE('\u62c9\u4f24\u4e86\u9632\u76d7\u95e8\u662f'), '0', '2', '1', '0'), 
(3, '20150301', STRINGDECODE('\u6280\u554a\u5c31'), STRINGDECODE('\u6492\u65e6\u53d1\u5c04\u7684'), '1', '1', '2', '0'), 
(4, '20150301', '23', '23425235', '1', '3', '3', '0'), 
(5, '20150301', STRINGDECODE('\u6280\u554a\u5c315'), STRINGDECODE('\u6492\u65e6\u53d1\u5c04\u76845'), '1', '1', '2', '0');
CREATE CACHED TABLE PUBLIC.TINOSINST( 
    INSTID VARCHAR(15) NOT NULL, 
    MERID VARCHAR(15), 
    TERMID VARCHAR(8), 
    INSTTYPE VARCHAR(2), 
    VALIDSTAT INTEGER, 
    TXNMODE INTEGER, 
    TXNPRIV VARCHAR(20), 
    BILLPREFIX VARCHAR(10), 
    ADDCHARGEMETH INTEGER, 
    BATSENDTHRESHOLD INTEGER, 
    OPERATOR VARCHAR(20), 
    CHECKER VARCHAR(20), 
    TSLASTUPDATE VARCHAR(12) 
);
ALTER TABLE PUBLIC.TINOSINST ADD CONSTRAINT PUBLIC.CONSTRAINT_EF PRIMARY KEY(INSTID);
-- 0 +/- SELECT COUNT(*) FROM PUBLIC.TINOSINST;
CREATE CACHED TABLE PUBLIC.SS_ORGNO( 
    ORGNO VARCHAR(15) NOT NULL, 
    ORGNAME VARCHAR(50) NOT NULL, 
    ORGSHORTNAME VARCHAR(20), 
    ORGTYPE CHAR(2) NOT NULL, 
    ORGSTATE CHAR(1) NOT NULL, 
    LAUNCHDATE VARCHAR(8), 
    ORGMNGER VARCHAR(20), 
    ORGTEL VARCHAR(20), 
    ORGADDR VARCHAR(100), 
    ORGZIP VARCHAR(80), 
    ORGMODE CHAR(1) NOT NULL, 
    ORGAUTH CHAR(20) NOT NULL, 
    DELAYFLAG CHAR(3) NOT NULL, 
    DELAYSTAND VARCHAR(20), 
    REMARK1 VARCHAR(60), 
    REMARK2 VARCHAR(60), 
    ORGSHORTNAMEEN VARCHAR2(250), 
    VERIFYSTATE VARCHAR2(3), 
    VERIFYREASON VARCHAR2(4000) 
);
ALTER TABLE PUBLIC.SS_ORGNO ADD CONSTRAINT PUBLIC.CONSTRAINT_7 PRIMARY KEY(ORGNO);
-- 3 +/- SELECT COUNT(*) FROM PUBLIC.SS_ORGNO;
INSERT INTO PUBLIC.SS_ORGNO(ORGNO, ORGNAME, ORGSHORTNAME, ORGTYPE, ORGSTATE, LAUNCHDATE, ORGMNGER, ORGTEL, ORGADDR, ORGZIP, ORGMODE, ORGAUTH, DELAYFLAG, DELAYSTAND, REMARK1, REMARK2, ORGSHORTNAMEEN, VERIFYSTATE, VERIFYREASON) VALUES 
('010000000', STRINGDECODE('\u6d4b\u8bd5\u673a\u6784'), 'csjg', '01', '1', NULL, '0', '00', '000', '9999', '0', '011111111', '1', '', NULL, NULL, '1212', '0', NULL), 
('1', STRINGDECODE('\u6d4b\u8bd51'), '1', '01', '1', '20150228', '1', '123', STRINGDECODE('\u5730\u5740'), '321', '0', '010101010', '0', NULL, NULL, NULL, 'cs', '0', NULL), 
('2', STRINGDECODE('\u6d4b\u8bd52'), STRINGDECODE('\u6d4b2'), '01', '1', '20150228', '121221', '12431432142', '2', '32', '0', '110001100', '0', NULL, NULL, NULL, 'cs2', '0', NULL);
